{"width":4,"vector3s":[{"x":0.0,"y":0.0,"z":0.0},{"x":1.0,"y":0.0,"z":1.0},{"x":2.0,"y":0.0,"z":2.0},{"x":3.000000238418579,"y":0.0,"z":3.000000238418579}]}